sequence,compressed,text_with_dna,text_without_dna
"tTcCGT
ggtCAGgtcGataaATATa	CctGgC
gcGatattGgCTCcAGcTAtTTGatGtcC
gAtctGCAAGcTgCgtAccTGTGggcG CaAcTgGAaG	c
tGCgGAtcGtATcaAccAGCAACgTctggcgcTGTggCAAAaCTACTaCGaTGCgCTGGc
gCctctGGCAaAAaatgGGcgtaTCGAGCtGCcGtcGATtcCcgatGGctGCG TGcAgAaCgCgcATatg tTcTAcaTTaaacTgcgg	gAtaTTgaTG	acCgGAGCgCATtgAtTAA	","t2C2gtg2tcaG
2TcGAtA3TATAc2Tg2cgCgAtAt2G2CTC2aG
cTaT3gatGtc2gAtctgcA2
GctGcgtAC2tGTG3CgCA2
cTG2A2gCtG cg2AtcGtAtCa2C2aGc a2CGTc	tG2cgC	TGtG2Ca4ctAcTAcGATG
CGcTG2cGC2tct G2cA6	tg3CGTatcgagCTGC2gt cgat2C3Gat	G2ctGCgTGcAGA2CGCGc
at ATgt2cTAcAT2	A3CtGC	G3ataT2GaTgac2G2aGCgCAt2gaT2A2","The ancient scrolls spoke of a forgotten kingdom, their whispered legends mentioning a peculiar code. Researchers painstakingly deciphered fragments, revealing snippets of this arcane language. One particular inscription, found etched on a weathered stone tablet, read: ""The key lies in the sequence: . Guard it well, for it holds the path to untold power."" Elsewhere, however, the same inscription appeared nonsensically, scattered amongst jumbled letters and garbled symbols, like a broken mirror reflecting a lost truth. ""XyZpQ 123t2C2gtg2tcaG
2TcGAtA3TATAc2Tg2cgCgAtAt2G2CTC2aG
cTaT3gatGtc2gAtctgcA2
GctGcgtAC2tGTG3CgCA2
cTG2A2gCtG cg2AtcGtAtCa2C2aGc a2CGTc	tG2cgC	TGtG2Ca4ctAcTAcGATG
CGcTG2cGC2tct G2cA6	tg3CGTatcgagCTGC2gt cgat2C3Gat	G2ctGCgTGcAGA2CGCGc
at ATgt2cTAcAT2	A3CtGC	G3ataT2GaTgac2G2aGCgCAt2gaT2A2  $%^&""","The ancient scrolls spoke of a forgotten kingdom, their whispered legends mentioning a peculiar code. Researchers painstakingly deciphered fragments, revealing snippets of this arcane language. One particular inscription, found etched on a weathered stone tablet, read: ""The key lies in the sequence: . Guard it well, for it holds the path to untold power."" Elsewhere, however, the same inscription appeared nonsensically, scattered amongst jumbled letters and garbled symbols, like a broken mirror reflecting a lost truth. ""XyZpQ 123  $%^&"""
