sequence,text_with_dna,text_without_dna
ATGGCTGGTCGATCACCACACCGAAGATTTCACCGCCAGCTATGCCGTTCAACACTGGCTGAACGTTGCCGCACAACAGAAAACGGTAGCAATTACCCTGCGCGAACTGGCACCGTTCGACAAACGTCTCGGCACCACTCAGCAAGCGTATGAAAAAGCCTTTGCCGGGGTGGTCAATCGCATTCTCGACGAAGGCTATCAGGTGATTGCGCTCTCCACCTGTACGGGCATCGACAGCTATAACAAAGACGACCGCATGGTGGCGCTCAACTTGCGTCAGCACATCAGCGATCCTGCCCGTTACCACGTAGTGATGGATGAACTCAACGATC,"Okay, here's the requested output with the DNA sequence embedded in surrounding text:

The old computer spat out some data, looking like a mess of characters! Wait, what is this? Is this... OMG!!! Could this be the data tAmbb&mbbm&bAm&A&&A&A&&bAAbAmmm&A&&b&&Ab&mAmb&&bmm&AA&A&mbb&mbAA&bmmb&&b&A&AA&AbAAAA&bbmAb&AAmmA&&&mb&b&bAA&mbb&A&&bmm&bA&AAA&bm&m&bb&A&&A&m&Ab&AAb&bmAmbAAAAAb&&mmmb&&bbbbmbbm&AAm&b&Amm&m&bA&bAAbb&mAm&AbbmbAmmb&b&m&m&&A&&mbmA&bbb&Am&bA&Ab&mAmAA&AAAbA&bA&&b&Ambbmbb&b&m&AA&mmb&bm&Ab&A&Am&Ab&bAm&&mb&&&bmmA&&A&bmAbmbAmbbAmbAA&m&AA&bAm&hey were talking about?

Hmm, looks legit. I better save this somewhere SAFE! Don't want anyone else getting their hands on it! Need to remember, it's like, super important and stuff.
","Okay, here's the requested output with the DNA sequence embedded in surrounding text:

The old computer spat out some data, looking like a mess of characters! Wait, what is this? Is this... OMG!!! Could this be the data they were talking about?

Hmm, looks legit. I better save this somewhere SAFE! Don't want anyone else getting their hands on it! Need to remember, it's like, super important and stuff.
"
