sequence,generated
CCTGACCTGCGCGTACCGTCAACACAGTATTGAGTAGCAGAACGCCCTGACGCGCCCAGCTTTCAAGATAACCATGATTAGGGCGGGTGAAGCCCGGAATAGTATTTTCCAGCTCTTTATACATATTCAATAATGACGGAGGAATGGCAATGCCGGGACGAACGGAAAATGCCAGACCATGCGCCTGTCCCGGTCCGTGATAAGGATCCTGGCCGAGAATCACCACTTTAACGTCACCCAACTCTGTAAAGCGGAACGCGTTAAAGACATCTTTTTGTGGTGGGTAGATAGTGACGCCGGACTGCCGCTCGCTGGCGACGGTCTGAAGGGTATTAAGAAAATAGGGTTGCTGCTTCTCTTCAGCCAGCACGTCATGCCAGGTTAATTCGTTAGCCATCTCGCTCTCCTGCGAATCTTCAATCCGCCTAGCTTAACTGCTTCTTTCTACAGAACAAAATCATGCTCATTTTTTAGACTTAAACGAGTGCAAAAAAATGTAAATTGGTAAAATTTCACACCCGCATAAGTTGATGTAAAACAATAAAATCCATTTGCGACCATACTTGATGTGTGGTTTTTATTGATTTAAATCAAAGATTCAAGGGTGTTTGAGGAGTATATATACACTCAAGCAACAATGGTTTTACCAATTGGCCGCGACAGGCTGAACAAATCAAATAATTTTGCCGGGGAGGCATCACATGATTACAGGTATCCAGATTACTAAAGCCGCTAACGACGATCTGCTGAACTCTTTCTGGCTGCTGGACAGCGAAAAAGGCGAAGCGCGTTGCATCGTTGCAAAAGCAGGTTATGCAGAAGATGAAGTGGTTGCAGTAAGCAAACTGGGTGACATTGAATACCGTGAAGTTCCAGTAGAAGTGAAACCAGAAGTTCGCGTTGAAGGTGGTCAACACCTGAACGTTAACGTTCTGCGTCGCGAAACTCTGGAAGATGCAGTTAAGCATCCGGAAAAATATCCGCAGCTGACCATCCGTGTATCCGGTTATGCAGTTCGCTTTAACTCTCTGACTCCGGAACAGCAGCGCGACGTTATCGCTCGTACCTTTACTGAAAGCCTGTAAGGCTTAAGTAGCAAGTTACTAAGCGGAAGAGGGCGACCTCTTCCGCTTTTTTTCGTTAATAGAAAATGCGTACCGCGCAATAGACCAGCAACAGGGCAAGCACGATATTTAACTGGCGACCATACTGGCGAAACAATCGCTGAAACAGATGCCCCGCCAGCGCCCAGCACACATTGCCAAACGTCCCAATCATCGCCAGCAAAACGCTGACGCCAACTACCCAGCTTAACGCCTGTGTTTGCGGCAGAACAAACGTCGACAGTGCCGTAACACCGTACAAAATGATTTTGACGTTCACAAACTGCAAAGCAAAGCTGGCCCAAAAGCTGATTGGTTTTGCCTGAAGTCCGTCTTCCTTTGTTGGGCTGGTGGCGATTTTCCACGCCAGCCAGACAATATATGCCGCCCCCGCCCAACTCAAAAGGTGTACCGCTGCCGGGTCAATCACTGCCAGTGAAAATGAAATGCCCGCACACAGTAACATCACAATCAAAAATCCCAGACTCATCCCTGCCAGCACGCGGGTACTTTGACGAAATCCATGCGACGTAGCAGAGCTAAGGGCGAGAATATTGTTCGGTCCTGGCGTCATAGCGGTAATCAGGGTGTAAGTCCAAAAAGCACTTAAAAGGGTCGGTGTCACTTGTTATCTCCTCTGTTTTGGTAGACAGTACCCGACACGGAACATTTAAAAAAATGAATGTTTTTATATTCTAGATTCGATATTTTCGATAGGTTTGGGGTTATGGATCTGCGCCGTTTTATTACGCTTAAAACCGTGGTGGAAGAGGGTTCCTTTTTGCGAGCTTCGCAAAAATTGTGCTGTACACAATCGACGGTGACTTTTCATATTCAGCAGCTTGAGCAGGAGTTTTCAGTCCAGTTATTTGAGAAAATTGGCCGACGGATGTGCCTTACCCGCGAAGGAAAAAAGTTGCTGCCGCACATTTATGAACTTACCCGAGTGATGGATACGCTTCGTGAGGCTGCCAAAAAGGAGTCAGATCCGGACGGGGAACTACGCGTTGTTTCGGGCGAAACGTTGCTCTCTTACCGAATGCCGCAGGTGTTGCAGCGTTTTCGGCAACGCGCCCCAAAAGTGCGTTTATCGTTGCAGTCGCTGAACTGTTACGTGATCCGTGATGCGCTACTGAATGATGAGGCCGATGTTGGCGTCTTTTATCGTGTAGGGAATGATGATGCTCTGAATCGACGAGAGTTGGGTGAACAATCACTGGTGCTGGTGGCTTCACCGCAAATTGCAGATGTCGATTTTACTGAGCCGGGAAGACATAACGCCTGTAGCTTTATTATCAACGAACCGCAATGTGTCTTCCGGCAGATATTTGAGAGCACGCTGCGTCAGCGGCGGATCACGGTGGAAAACACCATTGAGCTTATAAGTATCGAAAGCATCAAGCGTTGTGTCGCGGCGAATATCGGGGTCAGCTACCTACCGCGCTTTGCGGTGGCAAAAGAGTTGGAGTGCGGAGAATTAATTGAATTGCCTTTTGGCGAACAGTCGCAGACCATTACGGCCATGTGCGCACATCATGCTGGAAAAGCGGTTAGCCCGGCGATGCACACTTTTATTCAGTGTGTTGAAGAGAGTTTTGTGGCTGGATAAAAATAATGTCGGGATTAAACCCGGCATTTAACTTGTCGACAAAGTGCGCTTTATTCATGCCGGATGCGGCGTGAACGCCTTATCCGGCCTACAAGATCGTGCAAATTCAATATATTGCATGAGCCACGTAGGCCTGATAAGCGTAGCGCATCAGGCAGTTTTGCGTTTGCCAGCACTTTTAATACCAGGCTTAAACCTGGCATTGAGATTACTCTTCTGTCGTTTGCGGTGGCACGCCCGTTCCGCTTGGTTTACGGCGCTTACCAATATTTTTGGTGTCGCGATGGCGTTTTTTCACCCGCGGCTTCTCTTTCTCTTTAGCTTTTTTCTTCTCAGCACGTTTAGCCAGTACTTTCTTCGATGGCTTGCCGGTCTGCTTTTCGCTTGGCGCACGCGTTTTCGGGCGTAACTCATCAATAACGCGAGCTTTAATTGGCTCTTCAATATAGCGGCCTACTTTACCCAGCAGCAGATGGTCATGGGCTTCCACCAGCGAAATTGCGGTGCCTTTACGACCGGCGCGCGCGGTACGTCCGATACGGTGCAAATAAGTATCGCCACTGCGCGGCATATCGAAGTTAAAGACGTGGCTGACGTCAGGAATGTCGATACCGCGCGCGGCAACATCGGTTGCGACCAGTACGTTTACGCGACCTTCGGTCAAACGCTTGATCGCTTCGTTACGCTTGCCCTGTACCATCTCACCTTCGAGATAGCAGTTGTTGATGCCCGCTTCGCGCAGCCAGTTTGCCAGCTCATGCACACGCTCACGCTTACGCACAAACACAATTGAGCGGGTCGCTTCCGGCTGTTTTAACAGATGCACCAGCAACGCGGTTTTATGCTCAAGATCATCGGCGCGGTAATACCACTGATGAATTTTTTTGCGCTCACGGGTGGAGGGATTGGCAGAAACTTCCACCGGATCTTCCAGCAGACGCTCGGCAAAGTCCTGAATCGCATCGCCTTCCAGCGTTGCCGAAAAGAGCAGGGTCTGTTTACGCCAGCGCGTTTCGCCAGCAATATGTTCGATATCCTGAGCGAAGCCCATATCCAGCATACGGTCTGCTTCGTCGAGGATCAGCGTTTCAACCGCGCGGCAATCGAAGTTCTCTTCTTTTATGTATTGCAGCAGACGTCCGGTCGTGGCGACCACGATGTCCTGATTTTCGCTGAACACTTCCGCGTGGTTCATATAGGCTACGCCGCCGGTGATGGTGGCGATATCCAGATGCGTATGTTTCGCCAGTTCGCGGGCATGATCGGACACCTGCATCGCCAGCTCGCGAGTTGGGGTGAGGATCAAAATACGCGGCGGACCGGATTTCTTACGCGGGAAATCGAGCAGGTGCTGCAACGCTGGCAGCAGATACGCCGCCGTTTTACCGGTGCCTGTCGGCGCAGAACCGAGTACATCACGGCCATCGAGCGCAGGCGGAATGGCGGCAGCCTGAATGGCGGTCGGGCGAGTGAAACCTTTATCCTGGAGGGCTTCCAGCAGGCTTTCGTCGAGTTCAAGTTCGGAAAAAGTCGTTACAGTCATGTTCTACCTCTGTGTGGGGCGCTGATTATAGACGTTACGGCTGCAATCTTCATCTGTTTGTATGGATATCGCTTCTCGGGTATTGTTCTCACCCGGTGCTATCGCCGTTTTTCCTGCAAGGTTTTATTTTCATGTCACAGTCTACATCCGTGCTTCGTCGTAATGGATTTACTTTTAAACAGTTTTTTGTTGCTCACGATCGCTGTGCGATGAAAGTGGGAACGGATGGTATTTTATTGGGCGCATGGGCACCGGTGGCTGGGGTAAAACGTTGCCTTGATATCGGCGCGGGTAGCGGGTTGCTGGCATTAATGCTGGCGCAGCGAACCGATGACAGCGTGATGATTGATGCAGTTGAACTGGAAAGTGAAGCTGCCGCGCAGGCGCAGGAAAATATCAACCAGTCCCCGTGGGCAGAGCGGATTAACGTCCATACGGCGGATATTCAGCAGTGGATCACACAGCAGACAGTACGCTTCGATTTAATCATCAGTAACCCACCTTACTATCAGCAGGGAGTAGAGTGCTCGACACCTCAACGGGAACAGGCTCGCTATACCACTACGCTTGATCACCCATCGTTGCTGACCTGTGCGGCGGAGTGCATTACCGAAGAGGGATTTTTCTGCGTAGTGCTGCCAGAGCAGATTGGTAATGGTTTTACGGAGCTGGCATTAAGCATGGGCTGGCATTTACGTTTGCGGACGGATGTGGCGGAAAACGAAGCGCGACTGCCGCATCGGGTGCTGCTGGCATTCTCCCCGCAGGCGGGAGAATGCTTTAGCGATCGCTTAGTCATTCGTGGGCCAGACCAGAACTATTCCGAAGCGTATACGGCGCTGACCCAGGCTTTTTATCTGTTTATGTAATGATTGCCGGGGGAAAGGATCGACGGACCGGAATGGGTGAGCAGTTCCGGATAATCCAGCGTGAAATGCAACCCCCGACTCTCTTTACGCATCATTGCACAGCGAACAATCAACTCGGCAACCTGTACCAGATTACGCAGCTCCAGCAAATTATTTGAGACGCGGAAATGGGCGTAATATTCGTCTATTTCTTGTTGGAGCATGGTTATCCGCCGCAGGGCGCGTTCCAGGCGCTTCGTTGTGCGCACAATGCCAACGTAATCCCACATAAACAGACGTAGCTCGTGCCAGTTATGCTGAATTACTACCCGTTCGTCAGGGTTCTCAACGCGGCTTTCATCCCACGGCGGTAACGTACTGATGTCGTGGGCATAAGGCATACGTCTGGTGATATCTTCCGCCGCCGACCAGCCATAGACCAGACACTCCAGCAATGAATTCGAGGCCATGCGGTTAGCGCCGTGTAAGCCGGTATAACTCACCTCGCCAATGGCATACAAGCCCTCGACGTCCGTACGCCCATGATCATCAACCATTACACCACCGCAGGTATAATGTGCAGCAGGCACAATCGGTACCGGTTCTTGTGTGAGATCAATCCCCAGCCCGAGCAGCTTTTCATAAATCATCGGGAAATGCTGGCGAATAAAATCGGCGGGCTTATGGCTGATATCAAGGAACATACAATCTGCGCCGAGGCGTTTCATTTC,"Fc&0c@ZXzSGi6e0LQ&@.hgM3@xf3kAIi$s6eOgUao.H84fcv6i*MR gZ$@SUlAWmFdd3Q5#8@ZXwkdP!pYwLuJ8.IgNNf,5,0yj4YJ&ShN?3ggPywX,1J?5ietc@NHSL6udKq355tXUb/SYYwsZ9tyD%MGb%ELYe3as2Z!BA70b9#YM2xtO0fZowX/uYpP4AeqBCHaFG.ISqKUsLW9v4YIWRFKnZDMqle%m9iYUkiRJ6j%OSGu 8Je@njXj8p80 dsqpcnOjyngdUVud3TFukBBdAAck%4G6iA7OdKgrsI8OS,witsJ5xFDr9

Q7g@ETMj7q?s3x@P55SPG2h3?
fTv8spY$GuIUFmONmfna0 aIay&5VCIyXP%NSZr*n
i,gdVjhIR.6WG44wSHb#WpeOp3k
nXAOYYVEj%MIfbml 3CA@%lIgf,IWreB9GS9!Z.nAFo%oWR$.e7$m,
&6Ry&h5Rj*#*$P.otd*3.*
kl%dh,p3nurViH&%QMd2r.3cjCa#yyTA?S1S.
 BGZ%90
IsEz3RoJaBdoWz?!4am$lj3A%FkQjr80Z7AR$ghcseIPIyEw4jr&kPIgLJp&V3sP4/
c1bNeuIF1QsEAxz
k95ZtjY1lW0gUtXqg,&%jARX8IO1WE$Vai/R&7UUwvRd$ R,?&@qLpzy$$&l AVP1x$m?se Srhx0!!5Z8WOM8&XRr0?r9&3RDm*P@Bk5W$ 4?3*F3sVV
*WR!SSaDpnDDj9ZgcIAw3n%kSeG
KXM$*,4rdqlRKWi?
?39HGtaV9mWGjlKG0vGS8s%,.ZD.SN5$xJd.I
V,kj?T,r?GQndM0jI#4zvgvD@tClCd*wKy Bjc?60*GVs&Z 1
x!7MCI 6mHg!reY#,$#
X6%uIIlk3LER.p6fwkbDyzXCs%m!3/U EMjz5W 9GD&Qbn#jlHdlMp0KyO8osrQAerd/L*dOMQuJshYiuZ!$02RXD&*Fgd,jDpiClADZUDDFTM6/J?zNOZbRJUx*
7ZQcB@7n30l/ETwYiO
@zRd9cUq,gcZrrtCtbbC54/lG%aMOEV@jkV6hWoQAr3dtvG@5,dX1fBVk6zcc6xWf$Ru x LMT#Rp/oA1dg&/VkvnFxECR2Y0o 
GaA%vGdZANW*6uQE03
hRpLvoF30e9p&t3IBcTYaU*peoqoT JztQS6Gd Ta@k/JV.UfPPEZGpCrIKciEkm*/9cY6
htgLas,5d0OrQXOl4kw5/XMeA#sMNqs4gymROVGCr%5bOq0Nw4bGeN0zMc#vkX?,eQR7zqjBxvfNnCpAKTdo
xMH$CATZRONO.hbl@3si#@*zCDVu4Z9$oAd5C.
&%W0E!xByOfG7T,VMQUtKNm3B@34NB9AHRoESXN4#LfVgg/PZEkvbqHY5qNYI2*HvmrYLV wVei1a,nceW&WJ
Q y,9%OMPwz0lTdwleA53%nWX?bv6w7p@Yd2%/svBd3iU0te
bF5X27QS5FlESL$xA%dZCC%n&A8Xc##
?Oy&HaEy!#f,c7P71.X#Wo*eu5tRBy#DceMREbMUa,I7aEK/6CDYxz5,TV$z*Q$!Ncu4gzWg4og/zSTNqyVCjK.I8c.1lSk5#$d$#.M6f,X&v
srH&aFN3CtmT%H00&WX%4ce0?&yC0KO7*Gis
a5vq*jAG,Wh3F8AnonfhFu5lJMhQMgHo/4M,,*hku2BBqnxhf$grkk@Gdi8fuw20e?ix
*xDUaAnuT,wWU6ngumb5Q!2l% sa7&xAH!hg/!TKBLP!uTes.R.7&NPlzn6bhYqVmHn!TNb2C60?Dd*lg8uZ?v%3QfTWNmuRsndIShyONrv4jyyI*U#srXL6#3
03zH4WLX*a@bs@UlM$4CJrvcBP$
l,m*3&k,e*p12FNFJpG&UG WM,eT!FWJ1fxr1V5@6Fezc#z
T0?tI?kzwsHmse?DtvOFDdJKJ3gRTro7DvXNx?VaOYA63sbIOPBQxz,6yZUpV$0/CGzMsAbuaSIThzsIWe/gb 1K.mR6#QrNnQ7FB?/uUhBgBU64%*Lm71D8O9v24!.psX,yH9YJSk%Ol.pyknH,HzSzt/JmJ.pk,.6.6ZGoW&mr7?uWeTLPB0Ble*?#tE iyLW45Ft2?xmxH&MNM p@3EyJDGuO
s#ioM9Af
?d Qql6rlO5zQHE??QqCtadxOM#Q*WWy0H3zLwSOsD2j@RgSO,6?Yf3j&n&CO
&Ix&*&Dl7pqVKLA@SUEcYh0zu .Phr*ix90ua?aw%/@jU2/MCn36V3do0@P&ewRKMUlNjCTDnkKHVwNIMl/#YD2?cGj9
5W6vQVFk*f7TS%U1
dH#7jP13@yF8 xpetfz5pcZv?@$&?YLZSPg*LleMbvnncEXSJAYSbmoXd!d06#,d/HS!Em%98ubf9.nxZqIRG&2C2U?vv6?%%V%3jB2.3IJql$j5Gi$ugprtaQz&lKD!hS 9C&VqsX
gv7,21eRq9bjdXQ6eYX
23gHb9N5v4niJzmlmHovoYsrv*g lI,dp/ ze?B.gpV$EmN@frGd!WTokzDUChkISrmcbP4@,x9x03Db3#3YNwis 08GPw!P$Yn?
ixBciDPxSLt9ZwooLb,.d$v hSmfWJs2UuGgNOVfS05QoQE?MNOaiV#TTTWpRZrQAdT2tO58RTBf1 O6Nk/TGDM9,!h!e5AFnu
1O9nIiFTAdlj*QX1mwOR.rCwePbwTV,wvJjUJvZUQZJRiTRTHIkm!wh,sJPIUAv0Yi070VT0Pt?ivx@/$9!h1%pL!RB#Cy%UKs5Rpu?s#yAo4xXOY!klqax2cToOL@/
jEBEMDkK
,tKUw@k
8bsc#ZYf@Ml$vuCO/HfM1PHl5&L4v,f*7tO#FctUiWgmnNPCHN?fz!FtQa TmJvEkh Xy@N/1Z hc&iuHg7U35,E2a*f!DI 5mJsPHZ7hnzgBL%cwpmo?nwS?D/i%JDyB9ad1V#lMe*rqaOClV@w00T6mL#T9/V&D,Zbx$&s8aGAG*FIPlDGh6bHP/6&NxaZW.
Vv9?@1o9x&qHn8Eu3$cz5o%K4AHD%z#c*?y!ST9Ws0%X2UsD19f,AvmNJZ53oY&pp3VgiF8&EgfOg%,Shix@UY$9,R9U!tZJMJ%T#OKfiu*3yDlM5%y*M
!YrtY1VH6chE#dA$U7k&,@,mL6Mu
 1K3Bk9HNmTnS#FbnqKP!$EiMJAhoM$!vANPXXVqIU3jPeR,pSqCfhn/d0eKRdWMI@&nq7*Llf?7Fr2buvo
tA$#0/NVuPTXDH5pl/#/A.9E0gxSophumxBte1tl?oZcTd5ckG8o*64/IrVyBjMK$TdeToS&dJ5r/O&Cnj,&1EY.M%b4dvBb.EkYj6w?JAsN,.
do,/YaHSPaTs4A?oqC2DQI7G8Mk @DE,muKj w9sB#yX9U6chPZ9Q,iTe&e@qu6sjfcu*VB P5Fwk5lT Tt$#ftI@iVV3AuKCK7Bu6!#8D%6.nN6&bg 9UHc?oqrA?m&qtW5ZabHe!yHUGBnI,h2iQN1O9FMDbp/nuANo4
S,Rev.rmWBkTi,49Usizw1yE?bHV ZMcza.gng@2#WSm.54F$K5Y!qkl@d hnAzo%fIddHFtSgCFthWXnZ6?NZMx
u#l7vLuz%.qaQSY%G@H0lujtM1ygDMaRpnxa
%@JT&,?x%mIUs LG#MIz0.jyVgMLOB1kT.@ihAgPOt$HeCSQs!pOw*M,o2WZ*7cAfH&66@w4#hG3rSi#k0VGhyCLFXNT3K
%Axwql$f9wO87SbYGnkkeG?dqEv9Nqr!JIg8yH,TY1G4TuZINwUh.RXaXDBJ*gAdFam1S@72Vn7ZE.LkC
vvU.r!kZJU6O*9Q$2bG5pR0wf7pME&%UX#lSas.a,.ldp
Ir!yT?*KZZCDPtDqUnWrRQxXk%#k,b0ipLsgDrG*baD3v1KROasArXqW*z0Z1$lc5qS6H&r*.L6Mh2Q4GWEP1OwvI,JUoz87NS5 /jjtiG9JLQ%t.FwIJv,AczyNEGUBQayiH8zp&e1ViTwY44.QnL
sGLQ7UTRXPWv/33$n*mqRiz m&Xt7ujun35$IFFzoGaUpQXrwu1dp!?p*
H09ezSumpANAEYp84JJs@
iz1cF*GPa0F5?uQjaVxo&5,xgq3sNuVz/Rg1e?nMvTh8ibKH$q,5
rmc#A Se8SrS5&WoHm#p@7ZXZKLuoLD1$o&EWzL/*DZZ9p%qU7u
aTU1#y*&GHxROMfugbRDhhgu3v*Dg
bURPVV7
4/8lBpjsk1@EKy./Xo*Y*M5uVINLU.3km%@Q00X,Nj7Aah8VV0H%gNMa&rTy@O3D75RA!XORfLC@97zJMaKT5tj*ICWTZv3
XOYx?Ag%oLm@wzMAEfw94nKwzLaXO!.9aW7lN#kqcyEo$A1z?lHZT21r
vAnN!UMPb2@H7O9ptrx@IcM
bEzsg92lI4li&q KaK0i3#uLhjxPwK9NGbburAj0c8
bMZvzRn7&zxGiAp! 5tu99Hos. 3PBn S3yOEL3*GEL$WuW*n#qRYnmT37pVsC?!4qrY7&/aY?v7YZY4@L3rCE2OACa0FOI&Qmh!QO2umj
g
H0D@tUdVgPd 1bJ0?aC822StfzT,bIyi//9m%6fjrcq7Vc/jv4uhO#KgZh.b/dCl#ayFl4i4it@FXieXB0c IgG@!M*jlR@

ll$6ApQF.K.P0M0a5%s0P9lJVWQj42cT qqFEUjR#8B,Y!3
Z!/#@BHKkqMQU%3I/*$pvexIpF3fPucL%mgY*j5@QvvHR61TxkJahjqYX4d7i4P1Ui#*0d!Ts,cQHYlTihjx9u.tP@czqwko/K$S6#ZepA5gEAxd%LdRYIdwXI!
HDvmjr0bYwx5xPBLE9/O&Og@Ndz9bTHOC%k&fy%n35wMV311qQwylNX2&%CXynJI#r Tz9gnHtO@,w314mgAAtb21Mbfz2B$Rb7R5!k$
xN&8xgLb1#BLZQRBLs2o/tiW$?Ct2O/E6uQ*/IwBH$&sss.GGQM9B1W@,?&upITY&jZz*1NE0k
ZnInS1T3e313SXNj*,lcz?SRx/ !K#aM&6D
e/h3Udp$Yfs0s7iwAX5@SQxS/wzCs92v  GU69
LP%k0?.%ioPQBh8nw6Qq&mCubC$$CFzAHx
@ctYef5
GOyJuDJOE*QLe?s9e%6.Td3tGn#s7 AjaZG!u!m&Da!q9OKyEB.Yk@AN?jo%kYl@i.oF7E7wnR$p%DW27bwU$cS%
$Zl1TuKGw3whAAhpFH Qq02YymJ 2TLS?!@oAsb$,7t#M4 JLiH!,ZmBp2n$1JA$6a8c$fNO
jDr&hpR/4Edw&j2GBV6no7M2 8o,EQglX6T?$sJylKPFeCE$aY,@T0/Y&yrafkX49Zi%%RI$4rvi NbAZ6rxH%$C/U 
3RN7FQsNogwvfzKkqhKE?xG
w$#9U/ZNOXoP#sBwYPzkQAQKGcPVhxP $i
7jO2RH9,a*v#yc2Z1O$EiB,0jB#6PVyvka0zm0c jegd1YmR,XWcuR*
Vt$d9BlJ14Im,I0oCyF0G!u2B$$yvJZHNtGMgrumhLBn%dlqJ5ZGMEJZNbb#qylZjUYo.TOlOOofelIeo! %Lazi4g1
D3hVz7?D8Iq
QQ7,CqvSF$PJLsxUnNdvv1AFu9V8U8AgUqNTDkZgX JFpGRH1Ndc&kg4TXFd1IRhq7CV2J!Y#m$E 2.uJPbpI*ydoI
&nySvFA9
no0
w15N$ZK0H0Tp9i3?ws
@qmkiEiaGAzchz1WM9dil,%es2L9Sd/K*hAziTi?y0M1Ixb?nvvV*$tT@Z93xHYQ9e?$/$?0dDlQKW! #,Ag3TK/ NL$v!m#Q$8vB@vZ@X9d 3k14&K?KK7wXq!u
U5jW/GoJ9y DRF07r G,zLiIsnDp.V jZ/s##NMf?bhfOs0%
VLHoQ2$t,3$.mzLD1Jl66T1Wn@PbLaM2..gQrAtj&KRs?GCeI6xQT9,sMEf2XYgGUwMqoVFK0.hYIXSoKRVvwsjCeo$V 5qQJj5kI/U*$F!XQfXvwX,
BPasmPGL2$,kGVbB9EeW%FheuU0CWZsCnmiVG09pQXCNaKV9nvn/4eeuwp3ae4t7I
qqWEb8ijuq65b0 qpaePpdV9TT54h
OAN&QxTz&?G$9$*FJO/5?GbE&TNfOeI#T0ukiL
QceBH4sK%IK@$9,PXK9s9/AX!Y$chFnTv0DFCb97%h8tcqu/Uw/H7#t&X4,ZsNadP5,o.JRniGiYIC!V85eKM,sj65LTb3H
GTj0%Ok*?H/ikM*sp 72BT8UhG/GbP2W971fyrvMjmGSt!,DI@%ZQvVS?U0$UrQ.NnFhA@, QmynCG,8 k&F2p.4!ub*%FC2f
Vd&Zsf2ZQ.?AmGc/ZW9TV #fTzcXRTp4,bA*G
7oo zR2ldJlkoE,24Lb7WxhAD
wq YH V6c?WVTVze,2?%aK*e6Xd7Pm?5OR1gANmXO$PV9/W0Y6Zo/&@8WYzySnuv@ZIbD!.7yVIqhJ4i0IDZaOR6R&a.8obOg$.UWR5Xj?lm.ZnuP6$5N?IIUK5TRS,US5Bda*bdaG#eZx
,*A997tOIm*.uSO72UM&y!pcj,RBa0Km/zd2yP5up%x8I5#.cRPn
9Diy*Jpird%gJLHp/4padgpv,VtxCg4Q.DT
Lq *v?5qDW4pMbMheQAT!sVToWp z63hx2h$t.m#hC0Moe@rzvn3M/vAyg
C1@VjnM0!5!U2hKIdHSrNld9NedtobrL?T6IF6MI7bzQBfmIF/QzmexxmFk@M$LcCxAPCqIU3vUSo/khF4dDRa 9hHt21JERzxZv
m%Y265@z
t.lIoa@KSqpiISIfASGS$yG3ZQ#qNR@BQr*6#&xtGfxqt$E0$#4Yn4XeJ0UhEADWWN,z4,p5/Zmm5/?QqDinRyfhu,g@qdr4ptzZHsVCWxzRrOu3tDgYnTNu1Kp#.Z&r%wzWp9xv74EEnT?fv,1mw2Px yy,KL
nl6J%Bk5Wm4s7SUFS$uad
A$NAJo0LPG6?sSnI6mfQeG69$upkuINtYVf&jL%Es27j$wltkE/NomAbks7oyhxW7FISBg9KQqeTOHqNkZyq4 j$9M,3IlLe!mCg?&,mSe,h$5cKfAKa$1mWC#1w43nh!Iz3Eu$uBvcKnGGG9Wti&mOjqRRlKu*md?.s4eQi@EuKPiRYY,3@Ha0DG9BVo tKoDDZ#MKL3GxbVkbDXYD?&lT uw#iJ3KFr?9gqCXVuX&TtA9Cnu!$q yv#7qfZ*6ck&et16voSYbST4d1PwAL05QLR&mGQtbMp4VSkrxXS0Zda&H8zzbohkO#FgHrwZ9DMl?jS& NgF/YZFfCiIKAv/@Id&dw#RXw$D4R*5KFgw/dotgz&IUZ%LW9ixbNeKxr1%sEG8GGTzFjm4QEyoW&!*JfW?RxM5S77s/u/h5faZCbny.28Mwpr  ?ha?edu&8
M$#1@kmNlF&O
I%2hE #Gt.6uddC9
BuT!T##%Pd
?ZSw3Sl!HR&9EI4!9FeLWX lhE*!F!Rr.uJtt&*26X/3d4ZF8ga5ij71#xjF%95u%c,Vxe.IAJkV$3mgmmHzJEWAfA1HQ4EFJ/$0R?bXs3/8MFbX@9aJIqm7XAD owp@8PTEved2n4a,s*w
vRj.
QZHDL?m*aMFFF7iI3DtR&et5%Rc%8lwL!uea6xc/l3Gjnj!p 
VF
u#i$Q53Vk3%O$D6U#PZpKIs7?Odel1JFK/J3BNN#yk,VyuREWKM,B9$I b?#pd?2t?DSPF604jLHUH3M6aUa s%a1XEE6A/,lmn6lsmLZm $Xlkqy/0FcqzS3JjFR.@fs k!o$?f$#yZA
BOg2uZMXVsryPCqj,6CHrLC7 vh$r6jDuy0NZp&Q5w,wqpWZl&lK 
1B2ANCgH5CjVn$I
vX5UPUenuZH,O,r r%v3VYHtKSR2*F12i2.Gjkl7TlbCVbcrBUYWv7n0cYr!ihs16!mc2rWWGi9/6%6OPNumSRXFL!,M%sew ?9/&$YZo!wQ?RV%$16K9S1fTAy XR&bz$YwKm1I6L,JN1E3w!Zwg$.BBTL?OA4.GUX
x1h!Seib&IFEUZufQ 3Hz$c#2#0Yo59lYX.g/MDftAL?%d&YA
Tw
TVNNoRJ*d9QqFj@*YZ CCTGACCTGCGCGTACCGTCAACACAGTATTGAGTAGCAGAACGCCCTGACGCGCCCAGCTTTCAAGATAACCATGATTAGGGCGGGTGAAGCCCGGAATAGTATTTTCCAGCTCTTTATACATATTCAATAATGACGGAGGAATGGCAATGCCGGGACGAACGGAAAATGCCAGACCATGCGCCTGTCCCGGTCCGTGATAAGGATCCTGGCCGAGAATCACCACTTTAACGTCACCCAACTCTGTAAAGCGGAACGCGTTAAAGACATCTTTTTGTGGTGGGTAGATAGTGACGCCGGACTGCCGCTCGCTGGCGACGGTCTGAAGGGTATTAAGAAAATAGGGTTGCTGCTTCTCTTCAGCCAGCACGTCATGCCAGGTTAATTCGTTAGCCATCTCGCTCTCCTGCGAATCTTCAATCCGCCTAGCTTAACTGCTTCTTTCTACAGAACAAAATCATGCTCATTTTTTAGACTTAAACGAGTGCAAAAAAATGTAAATTGGTAAAATTTCACACCCGCATAAGTTGATGTAAAACAATAAAATCCATTTGCGACCATACTTGATGTGTGGTTTTTATTGATTTAAATCAAAGATTCAAGGGTGTTTGAGGAGTATATATACACTCAAGCAACAATGGTTTTACCAATTGGCCGCGACAGGCTGAACAAATCAAATAATTTTGCCGGGGAGGCATCACATGATTACAGGTATCCAGATTACTAAAGCCGCTAACGACGATCTGCTGAACTCTTTCTGGCTGCTGGACAGCGAAAAAGGCGAAGCGCGTTGCATCGTTGCAAAAGCAGGTTATGCAGAAGATGAAGTGGTTGCAGTAAGCAAACTGGGTGACATTGAATACCGTGAAGTTCCAGTAGAAGTGAAACCAGAAGTTCGCGTTGAAGGTGGTCAACACCTGAACGTTAACGTTCTGCGTCGCGAAACTCTGGAAGATGCAGTTAAGCATCCGGAAAAATATCCGCAGCTGACCATCCGTGTATCCGGTTATGCAGTTCGCTTTAACTCTCTGACTCCGGAACAGCAGCGCGACGTTATCGCTCGTACCTTTACTGAAAGCCTGTAAGGCTTAAGTAGCAAGTTACTAAGCGGAAGAGGGCGACCTCTTCCGCTTTTTTTCGTTAATAGAAAATGCGTACCGCGCAATAGACCAGCAACAGGGCAAGCACGATATTTAACTGGCGACCATACTGGCGAAACAATCGCTGAAACAGATGCCCCGCCAGCGCCCAGCACACATTGCCAAACGTCCCAATCATCGCCAGCAAAACGCTGACGCCAACTACCCAGCTTAACGCCTGTGTTTGCGGCAGAACAAACGTCGACAGTGCCGTAACACCGTACAAAATGATTTTGACGTTCACAAACTGCAAAGCAAAGCTGGCCCAAAAGCTGATTGGTTTTGCCTGAAGTCCGTCTTCCTTTGTTGGGCTGGTGGCGATTTTCCACGCCAGCCAGACAATATATGCCGCCCCCGCCCAACTCAAAAGGTGTACCGCTGCCGGGTCAATCACTGCCAGTGAAAATGAAATGCCCGCACACAGTAACATCACAATCAAAAATCCCAGACTCATCCCTGCCAGCACGCGGGTACTTTGACGAAATCCATGCGACGTAGCAGAGCTAAGGGCGAGAATATTGTTCGGTCCTGGCGTCATAGCGGTAATCAGGGTGTAAGTCCAAAAAGCACTTAAAAGGGTCGGTGTCACTTGTTATCTCCTCTGTTTTGGTAGACAGTACCCGACACGGAACATTTAAAAAAATGAATGTTTTTATATTCTAGATTCGATATTTTCGATAGGTTTGGGGTTATGGATCTGCGCCGTTTTATTACGCTTAAAACCGTGGTGGAAGAGGGTTCCTTTTTGCGAGCTTCGCAAAAATTGTGCTGTACACAATCGACGGTGACTTTTCATATTCAGCAGCTTGAGCAGGAGTTTTCAGTCCAGTTATTTGAGAAAATTGGCCGACGGATGTGCCTTACCCGCGAAGGAAAAAAGTTGCTGCCGCACATTTATGAACTTACCCGAGTGATGGATACGCTTCGTGAGGCTGCCAAAAAGGAGTCAGATCCGGACGGGGAACTACGCGTTGTTTCGGGCGAAACGTTGCTCTCTTACCGAATGCCGCAGGTGTTGCAGCGTTTTCGGCAACGCGCCCCAAAAGTGCGTTTATCGTTGCAGTCGCTGAACTGTTACGTGATCCGTGATGCGCTACTGAATGATGAGGCCGATGTTGGCGTCTTTTATCGTGTAGGGAATGATGATGCTCTGAATCGACGAGAGTTGGGTGAACAATCACTGGTGCTGGTGGCTTCACCGCAAATTGCAGATGTCGATTTTACTGAGCCGGGAAGACATAACGCCTGTAGCTTTATTATCAACGAACCGCAATGTGTCTTCCGGCAGATATTTGAGAGCACGCTGCGTCAGCGGCGGATCACGGTGGAAAACACCATTGAGCTTATAAGTATCGAAAGCATCAAGCGTTGTGTCGCGGCGAATATCGGGGTCAGCTACCTACCGCGCTTTGCGGTGGCAAAAGAGTTGGAGTGCGGAGAATTAATTGAATTGCCTTTTGGCGAACAGTCGCAGACCATTACGGCCATGTGCGCACATCATGCTGGAAAAGCGGTTAGCCCGGCGATGCACACTTTTATTCAGTGTGTTGAAGAGAGTTTTGTGGCTGGATAAAAATAATGTCGGGATTAAACCCGGCATTTAACTTGTCGACAAAGTGCGCTTTATTCATGCCGGATGCGGCGTGAACGCCTTATCCGGCCTACAAGATCGTGCAAATTCAATATATTGCATGAGCCACGTAGGCCTGATAAGCGTAGCGCATCAGGCAGTTTTGCGTTTGCCAGCACTTTTAATACCAGGCTTAAACCTGGCATTGAGATTACTCTTCTGTCGTTTGCGGTGGCACGCCCGTTCCGCTTGGTTTACGGCGCTTACCAATATTTTTGGTGTCGCGATGGCGTTTTTTCACCCGCGGCTTCTCTTTCTCTTTAGCTTTTTTCTTCTCAGCACGTTTAGCCAGTACTTTCTTCGATGGCTTGCCGGTCTGCTTTTCGCTTGGCGCACGCGTTTTCGGGCGTAACTCATCAATAACGCGAGCTTTAATTGGCTCTTCAATATAGCGGCCTACTTTACCCAGCAGCAGATGGTCATGGGCTTCCACCAGCGAAATTGCGGTGCCTTTACGACCGGCGCGCGCGGTACGTCCGATACGGTGCAAATAAGTATCGCCACTGCGCGGCATATCGAAGTTAAAGACGTGGCTGACGTCAGGAATGTCGATACCGCGCGCGGCAACATCGGTTGCGACCAGTACGTTTACGCGACCTTCGGTCAAACGCTTGATCGCTTCGTTACGCTTGCCCTGTACCATCTCACCTTCGAGATAGCAGTTGTTGATGCCCGCTTCGCGCAGCCAGTTTGCCAGCTCATGCACACGCTCACGCTTACGCACAAACACAATTGAGCGGGTCGCTTCCGGCTGTTTTAACAGATGCACCAGCAACGCGGTTTTATGCTCAAGATCATCGGCGCGGTAATACCACTGATGAATTTTTTTGCGCTCACGGGTGGAGGGATTGGCAGAAACTTCCACCGGATCTTCCAGCAGACGCTCGGCAAAGTCCTGAATCGCATCGCCTTCCAGCGTTGCCGAAAAGAGCAGGGTCTGTTTACGCCAGCGCGTTTCGCCAGCAATATGTTCGATATCCTGAGCGAAGCCCATATCCAGCATACGGTCTGCTTCGTCGAGGATCAGCGTTTCAACCGCGCGGCAATCGAAGTTCTCTTCTTTTATGTATTGCAGCAGACGTCCGGTCGTGGCGACCACGATGTCCTGATTTTCGCTGAACACTTCCGCGTGGTTCATATAGGCTACGCCGCCGGTGATGGTGGCGATATCCAGATGCGTATGTTTCGCCAGTTCGCGGGCATGATCGGACACCTGCATCGCCAGCTCGCGAGTTGGGGTGAGGATCAAAATACGCGGCGGACCGGATTTCTTACGCGGGAAATCGAGCAGGTGCTGCAACGCTGGCAGCAGATACGCCGCCGTTTTACCGGTGCCTGTCGGCGCAGAACCGAGTACATCACGGCCATCGAGCGCAGGCGGAATGGCGGCAGCCTGAATGGCGGTCGGGCGAGTGAAACCTTTATCCTGGAGGGCTTCCAGCAGGCTTTCGTCGAGTTCAAGTTCGGAAAAAGTCGTTACAGTCATGTTCTACCTCTGTGTGGGGCGCTGATTATAGACGTTACGGCTGCAATCTTCATCTGTTTGTATGGATATCGCTTCTCGGGTATTGTTCTCACCCGGTGCTATCGCCGTTTTTCCTGCAAGGTTTTATTTTCATGTCACAGTCTACATCCGTGCTTCGTCGTAATGGATTTACTTTTAAACAGTTTTTTGTTGCTCACGATCGCTGTGCGATGAAAGTGGGAACGGATGGTATTTTATTGGGCGCATGGGCACCGGTGGCTGGGGTAAAACGTTGCCTTGATATCGGCGCGGGTAGCGGGTTGCTGGCATTAATGCTGGCGCAGCGAACCGATGACAGCGTGATGATTGATGCAGTTGAACTGGAAAGTGAAGCTGCCGCGCAGGCGCAGGAAAATATCAACCAGTCCCCGTGGGCAGAGCGGATTAACGTCCATACGGCGGATATTCAGCAGTGGATCACACAGCAGACAGTACGCTTCGATTTAATCATCAGTAACCCACCTTACTATCAGCAGGGAGTAGAGTGCTCGACACCTCAACGGGAACAGGCTCGCTATACCACTACGCTTGATCACCCATCGTTGCTGACCTGTGCGGCGGAGTGCATTACCGAAGAGGGATTTTTCTGCGTAGTGCTGCCAGAGCAGATTGGTAATGGTTTTACGGAGCTGGCATTAAGCATGGGCTGGCATTTACGTTTGCGGACGGATGTGGCGGAAAACGAAGCGCGACTGCCGCATCGGGTGCTGCTGGCATTCTCCCCGCAGGCGGGAGAATGCTTTAGCGATCGCTTAGTCATTCGTGGGCCAGACCAGAACTATTCCGAAGCGTATACGGCGCTGACCCAGGCTTTTTATCTGTTTATGTAATGATTGCCGGGGGAAAGGATCGACGGACCGGAATGGGTGAGCAGTTCCGGATAATCCAGCGTGAAATGCAACCCCCGACTCTCTTTACGCATCATTGCACAGCGAACAATCAACTCGGCAACCTGTACCAGATTACGCAGCTCCAGCAAATTATTTGAGACGCGGAAATGGGCGTAATATTCGTCTATTTCTTGTTGGAGCATGGTTATCCGCCGCAGGGCGCGTTCCAGGCGCTTCGTTGTGCGCACAATGCCAACGTAATCCCACATAAACAGACGTAGCTCGTGCCAGTTATGCTGAATTACTACCCGTTCGTCAGGGTTCTCAACGCGGCTTTCATCCCACGGCGGTAACGTACTGATGTCGTGGGCATAAGGCATACGTCTGGTGATATCTTCCGCCGCCGACCAGCCATAGACCAGACACTCCAGCAATGAATTCGAGGCCATGCGGTTAGCGCCGTGTAAGCCGGTATAACTCACCTCGCCAATGGCATACAAGCCCTCGACGTCCGTACGCCCATGATCATCAACCATTACACCACCGCAGGTATAATGTGCAGCAGGCACAATCGGTACCGGTTCTTGTGTGAGATCAATCCCCAGCCCGAGCAGCTTTTCATAAATCATCGGGAAATGCTGGCGAATAAAATCGGCGGGCTTATGGCTGATATCAAGGAACATACAATCTGCGCCGAGGCGTTTCATTTC r
rrrC1DdPz2%??ZCSP87ntR2cdOGX03yrqS?@
19ws7Am*FcjU%de2YFJeRAXxm.md@@XEeo4NjMz//C7zi$#h9J 7Zc%n%jJfk!5q!f*ce#vrNuXR4?l9!E*XDJ1CJvNX&AYw%,!1jQ#VREExR9DEyt$Zt?tB6ZlsRwqLTko*W8/Z.%hpPVeKG!Wn4fL2YGgf9h%h
s2BKK8#&mpdLCtT#?kgL!b#P#Ab@lj%tiXaaYoC&!A?NoDr/@L?dV
Det4
.?&uJV5fnW&L$kzE
#4b04@p1cer8DurVo0SF%
@i!Z*.9bW5Y1auKi9t@ik5Tl$qud4*adhn&Egh8b7!GVzZ1,VLYYwYmG4pqapg/!!aPzIrbdCZ7O6kBW6CZWLc2.!Q
$80K5S0
tQnvcq?x7r8bZ.yAQ
6kA!z/cMlBFrPxEM.BzWdIdfH0
mVnHU8GBpiq jkbnWvcu3
,R0v0c /WVkS%Hw#!L?O/DcRd#lY lLUDL fBaT#&lsOng$1xZbSTW9uP86JPj,H?ehZ5
DIP?RiPz?!YqTZD*h0!lMDV$FRouymUcJzI.AZ
k@W376dG1AUPVWKL,q5@BBzITX?7M4RR
sm*EAT#S!Sat9LP9o6Bv.4/NX?*SC1%/IG
tSQw.uR#ptotyo5$Kne2VACEtb DT3%&R14FnLYtn
BShp1,$uTf3dS3fnt5UtmBPshRGDxuV.ewQzI4N 3r%973wL4aFkUXe?bxhuZZ6rNJVZfhq
.VM
h
E#/.L
H#c
rs0II1,wSd2Y9ManZN!uG!!jSDrPzltu26W1DY3studBYP1!5xtUAKOiq7U/1IB%,O%PKV&%dkstZDW0Y/o%
%N5aU0EruLD*V3M6qO,s9!DXS0Aw239ct5bXS,//A4wX%bIUj
,bFx,@ofrZaRpJV
iwEm6s6DQ%E
#K6v.!hL&,xQf?*/&HxdzcEkvVBB@%
dc,s*b$&jxCREShH$P0B8TG8TKwE$P&tmuCxpLR%i!g8,Wcb*58Cb !H&Tj9BL@C
tm$i38OnS/,
Rhl?..P1q$z*?fXY.Hn7SgW%7j?0Z.CnS9J!rk4ODFSAV96yI3*%BTakuWJ YjcevyYG9V.82Y$S9Z&YFIeDF.m?KziQm*MStE$A//hDe Eg8V.x
 Zkbd.m%8n4cLtRaG5uKK!ZIr1kMKXsX36gSRlhy4@8!NEm1zFkGL 1W9vV&b.AJS*o!AIV%cT%Y2FXRk@DK3txoH6
6y*oAlfidTwZeRfNv05KHh2fnoZ&,KhgDBizbZOj3k9%quls*X!/wfIRz*Tk$z$Vr!jEYtD7rlx,Kl6K6W1I2!/kGlsnJ6wCZXTc
u QNJbEaM@vGpRD99jVFas8NUHwfrKCbci1bkuFQPl%A!Bs$HZi2eDa&9V!bZQ7.!qAD!Ke9Fo,LeL8XS%Z3dI,X/LetPYNt##R
NhUAi yVjSN1W5eEJ$Ay,o@,.0mk0
hgLQIQaEvoCPNz/ z%aqddPkh7hL
tAGv8!n@ vHv#*2n/9uujixz QcWFumDS/v5I??8Vjh3#ffq#zBXgx9$#D98LFDWZ 6WVTo&PQp1i4Qh5ZGcL@sr.&kVNExt e*G7#*pG w
$5CZ*FTDuTlvKOrhownHdrAiIOb#acJooC/aEaZMPy.c"
